Assembly_axioms.bpl,assembly_axioms.bpl,
AssemblySpec.ifc.basm,Assembly_i.bpl,
AssemblySpec.imp.basm,,
Base_axioms.bpl,base_axioms.bpl,
BaseSpec.ifc.basm,base_i.bpl,
BaseSpec.imp.basm,,
BitVector_axioms.bpl,BitVectorSpec_i.bpl,
BitVectorLemmasBase.ifc.beat,BitVectorLemmasBase_i.bpl,
BitVectorLemmasBase.imp.beat,BitVectorLemmasBase.bpl,
BitVectorLemmasDevices.ifc.beat,BitVectorLemmasDevices_i.bpl,
BitVectorLemmasDevices.imp.beat,,
BitVectorLemmasGc.ifc.beat,BitVectorLemmasGc_i.bpl,
BitVectorLemmasGc.imp.beat,BitVectorLemmasGc.bpl,
BitVectorLemmasMain.ifc.beat,BitVectorLemmasMain_i.bpl,
BitVectorLemmasMain.imp.beat,BitVectorLemmasMain.bpl,
Core.ifc.beat,core_i.bpl,
Core.imp.beat,Core.bpl,
Cube.ifc.beat,,
dafny_assembly_i.ifc.beat,dafny_assembly_i_i.bpl,DafnyCC
dafny_assembly_i.imp.beat,dafny_assembly_i.bpl,
dafny_bit_vector_lemmas_i.imp.beat,,
dafny_io_mem_i.imp.beat,,
dafny_pci_i.imp.beat,,
dafny_sha256opt_i.imp.basm,,
DafnyAssembly.ifc.beat,DafnyAssembly_i.bpl,
DafnyAssembly.imp.beat,DafnyAssembly.bpl,
dspec_BaseMinVerify.imp.beat,,
Entry.ifc.basm.stitch,EntryCP_i.bpl,
Entry.imp.beat,EntryCP.bpl,
Gc.bpl,,
Instructions.ifc.beat,,
Instructions.imp.beat,,
IntelNIC.ifc.beat,,
IntelNIC.imp.beat,,
InterruptsSpec.ifc.basm,Interrupts_i.bpl,
InterruptsSpec.imp.basm,,
IntLemmasBase.ifc.beat,IntLemmasBase_i.bpl,
IntLemmasBase.imp.beat,IntLemmasBase.bpl,
IntLemmasDevices.ifc.beat,IntLemmasDevices_i.bpl,
IntLemmasDevices.imp.beat,IntLemmasDevices.bpl,
IntLemmasGc.ifc.beat,IntLemmasGc_i.bpl,
IntLemmasGc.imp.beat,IntLemmasGc.bpl,
IntLemmasMain.ifc.beat,IntLemmasMain_i.bpl,
IntLemmasMain.imp.beat,IntLemmasMain.bpl,
IntSpec.ifc.basm,IntSpec_i.bpl,
IntSpec.imp.basm,,
IntSpec_axioms.bpl,IntSpec_axioms.bpl,
Io_axioms.bpl,Io_axioms.bpl,
IoMain.ifc.beat,IoMainCP_i.bpl,
IoMain.imp.beat,IoMainCP.bpl,
IoSpec.ifc.basm,Io_i.bpl,
IoSpec.imp.basm,,
IoTypesSpec.ifc.basm,Io_types_i.bpl,
IoTypesSpec.imp.basm,,
LogicalAddressing.ifc.beat,LogicalAddressing_i.bpl,
LogicalAddressing.imp.beat,LogicalAddressing.bpl,
MachineStateSpec.ifc.basm,MachineState_i.bpl,
MachineStateSpec.imp.basm,,
Main.ifc.beat,,
math.imp.basm,,
Memory_axioms.bpl,memory_axioms.bpl,
MemorySpec.ifc.basm,memory_i.bpl,
MemorySpec.imp.basm,,
NucleusInvCopying.bpl,,
NucleusInvMarkSweep.bpl,,
Overflow.imp.beat,Overflow.bpl,
OverflowSpec.ifc.basm,overflow_i.bpl,
OverflowSpec.imp.basm,,
Partition.ifc.beat,partition_i.bpl,
Partition.imp.beat,Partition.bpl,
PCI.ifc.beat,PCICP_i.bpl,
PCI.imp.beat,PCICP.bpl,
Separation.ifc.beat,separation_i.bpl,
Separation.imp.beat,Separation.bpl,
SimpleCollector.ifc.beat,SimpleCollector_i.bpl,
SimpleCollector.imp.beat,SimpleCollector.bpl,
SimpleCommon.ifc.beat,SimpleCommon_i.bpl,
SimpleCommon.imp.beat,SimpleCommon.bpl,
SimpleGc.ifc.beat,,
SimpleGcMemory.ifc.beat,SimpleGcMemory_i.bpl,
SimpleGcMemory.imp.beat,SimpleGcMemory.bpl,
Stacks.ifc.beat,stacks_i.bpl,
Stacks.imp.beat,Stacks.bpl,
Util.ifc.beat,util_i.bpl,
Util.imp.beat,Util.bpl,
Word_axioms.bpl,word_axioms.bpl,
,,
Checked.ifc.basm,Checked_i.bpl,DafnyCC
Checked.beat.basm,Checked.bpl,DafnyCC
dafny_Base.ifc.basm,dafny_Base_i.bpl,DafnyCC
dafny_Base.imp.basm,dafny_Base.bpl,DafnyCC
dafny_base_s.ifc.basm,dafny_base_s_i.bpl,DafnyCC
dafny_bit_vector_lemmas_i.imp.beat,dafny_bit_vector_lemmas_i.bpl,
dafny_bit_vector_lemmas_i.ifc.basm,dafny_bit_vector_lemmas_i_i.bpl,DafnyCC
dafny_Main.ifc.basm,dafny_Cube_i.bpl,DafnyCC-borke
dafny_Main.imp.basm,dafny_Cube.bpl,DafnyCC-borque
dafny_DafnyPrelude.ifc.basm,dafny_DafnyPrelude_i.bpl,DafnyCC
dafny_mul_i.imp.basm,dafny_mul_i.bpl,DafnyCC
dafny_mul_i.ifc.basm,dafny_mul_i_i.bpl,DafnyCC
IGNORE,dafny_mul_nonlinear_i.bpl,
IGNORE,dafny_mul_nonlinear_i_i.bpl,
dafny_power2_s.ifc.basm,dafny_power2_s_i.bpl,DafnyCC
dafny_relational_s.ifc.basm,dafny_relational_s_i.bpl,DafnyCC
Heap.ifc.basm,HeapCP_i.bpl,DafnyCC
Heap.imp.basm,HeapCP.bpl,DafnyCC
IGNORE,IntelNICCP_i.bpl,
IGNORE,IntelNICCP.bpl,
Seq.ifc.basm,Seq_i.bpl,DafnyCC
Seq.imp.basm,Seq.bpl,DafnyCC
Trusted.ifc.basm,Trusted_i.bpl,DafnyCC-borque
